{
    "iteration": [
        0,
        1,
        1,
        2,
        2,
        3,
        3,
        4,
        4,
        5,
        5,
        6,
        6,
        7,
        7,
        8,
        8,
        9,
        9,
        10,
        10,
        11,
        11,
        12,
        12,
        13,
        13,
        14,
        14,
        15,
        15,
        16,
        16,
        17,
        17,
        18,
        18,
        19,
        19,
        20,
        20,
        21,
        21,
        22,
        22,
        23,
        23,
        24,
        24,
        25,
        25,
        26,
        26,
        27,
        27,
        28,
        28,
        29,
        29,
        30
    ],
    "p_d": [
        1.0122642517089844,
        1.0122642517089844,
        0.4112982749938965,
        0.4112982749938965,
        -0.12957102060317993,
        -0.12957102060317993,
        -0.6163533926010132,
        -0.6163533926010132,
        -1.0,
        -1.0,
        -1.0,
        -1.0,
        -1.0,
        -1.0,
        -1.0,
        -1.0,
        -1.0,
        -1.0,
        -1.0,
        -1.0,
        -1.0,
        -1.0,
        -1.0,
        -1.0,
        -1.0,
        -1.0,
        -1.0,
        -1.0,
        -1.0,
        -1.0,
        -1.0,
        -1.0,
        -1.0,
        -1.0,
        -1.0,
        -1.0,
        -1.0,
        -1.0,
        -1.0,
        -1.0,
        -1.0,
        -1.0,
        -1.0,
        -1.0,
        -1.0,
        -1.0,
        -1.0,
        -1.0,
        -1.0,
        -1.0,
        -1.0,
        -1.0,
        -1.0,
        -1.0,
        -1.0,
        -1.0,
        -1.0,
        -1.0,
        -1.0,
        -1.0
    ],
    "p_m": [
        1.0122642517089844,
        0.4112982749938965,
        0.4112982749938965,
        -0.12957102060317993,
        -0.12957102060317993,
        -0.6163533926010132,
        -0.6163533926010132,
        -1.0,
        -1.0,
        -1.0,
        -1.0,
        -1.0,
        -1.0,
        -1.0,
        -1.0,
        -1.0,
        -1.0,
        -1.0,
        -1.0,
        -1.0,
        -1.0,
        -1.0,
        -1.0,
        -1.0,
        -1.0,
        -1.0,
        -1.0,
        -1.0,
        -1.0,
        -1.0,
        -1.0,
        -1.0,
        -1.0,
        -1.0,
        -1.0,
        -1.0,
        -1.0,
        -1.0,
        -1.0,
        -1.0,
        -1.0,
        -1.0,
        -1.0,
        -1.0,
        -1.0,
        -1.0,
        -1.0,
        -1.0,
        -1.0,
        -1.0,
        -1.0,
        -1.0,
        -1.0,
        -1.0,
        -1.0,
        -1.0,
        -1.0,
        -1.0,
        -1.0,
        -1.0
    ],
    "losses": [
        6.083363056182861,
        2.471762180328369,
        2.224586248397827,
        -0.700809895992279,
        -0.6307289600372314,
        -3.0002999305725098,
        -2.700269937515259,
        -4.381041526794434,
        -3.9973948001861572,
        -3.9973948001861572,
        -3.9973948001861572,
        -3.9973948001861572,
        -3.9973948001861572,
        -3.9973948001861572,
        -3.9973948001861572,
        -3.9973948001861572,
        -3.9973948001861572,
        -3.9973948001861572,
        -3.9973948001861572,
        -3.9973948001861572,
        -3.9973948001861572,
        -3.9973948001861572,
        -3.9973948001861572,
        -3.9973948001861572,
        -3.9973948001861572,
        -3.9973948001861572,
        -3.9973948001861572,
        -3.9973948001861572,
        -3.9973948001861572,
        -3.9973948001861572,
        -3.9973948001861572,
        -3.9973948001861572,
        -3.9973948001861572,
        -3.9973948001861572,
        -3.9973948001861572,
        -3.9973948001861572,
        -3.9973948001861572,
        -3.9973948001861572,
        -3.9973948001861572,
        -3.9973948001861572,
        -3.9973948001861572,
        -3.9973948001861572,
        -3.9973948001861572,
        -3.9973948001861572,
        -3.9973948001861572,
        -3.9973948001861572,
        -3.9973948001861572,
        -3.9973948001861572,
        -3.9973948001861572,
        -3.9973948001861572,
        -3.9973948001861572,
        -3.9973948001861572,
        -3.9973948001861572,
        -3.9973948001861572,
        -3.9973948001861572,
        -3.9973948001861572,
        -3.9973948001861572,
        -3.9973948001861572,
        -3.9973948001861572,
        -3.9973948001861572
    ],
    "time": [
        18.99682903289795
    ]
}